gender,count,mean,std,min,25%,50%,75%,max
Female,110.0,50729.31306569778,9065.078891755478,33194.61326667426,42974.18354402087,51794.27421198129,56064.53042473518,84674.5834158925
Male,120.0,51366.6475595521,7402.533591794734,31042.039167282044,47424.99744471656,51414.17585061399,55062.289823703104,71705.93689988229
